{"cameraMode":{"drawMode":0,"name":"Shaded","section":"Shading Mode"},"sceneLighting":true,"audioPlay":false,"sceneViewState":{"showFog":true,"showMaterialUpdate":false,"showSkybox":true,"showFlares":true,"showImageEffects":true,"showParticleSystems":true},"in2DMode":false,"pivot":{"x":0.22850382328033448,"y":-2.5336241722106935,"z":-28.40949058532715},"rotation":{"x":0.00039041702984832227,"y":0.9962470531463623,"z":-0.08660203218460083,"w":0.004802119452506304},"size":33.61576843261719,"orthographic":false}