{"cameraMode":{"drawMode":0,"name":"Shaded","section":"Shading Mode"},"sceneLighting":true,"audioPlay":false,"sceneViewState":{"showFog":true,"showMaterialUpdate":false,"showSkybox":true,"showFlares":true,"showImageEffects":true,"showParticleSystems":true},"in2DMode":false,"pivot":{"x":4.120389461517334,"y":4.070516586303711,"z":3.0239977836608888},"rotation":{"x":0.22108645737171174,"y":-0.6713573336601257,"z":0.22071829438209535,"w":0.6721192002296448},"size":5.115927219390869,"orthographic":false}