{"cameraMode":{"drawMode":0,"name":"Shaded","section":"Shading Mode"},"sceneLighting":true,"audioPlay":false,"sceneViewState":{"showFog":true,"showMaterialUpdate":false,"showSkybox":true,"showFlares":true,"showImageEffects":true,"showParticleSystems":true},"in2DMode":false,"pivot":{"x":-31.407184600830079,"y":-0.2847985029220581,"z":80.44688415527344},"rotation":{"x":-0.2958379089832306,"y":-0.5615038275718689,"z":0.22488145530223847,"w":-0.7394291162490845},"size":32.430076599121097,"orthographic":false}